Image Name,Category,Block,Train/Test
2021b7.png,desktop,0,Train
460bf9.png,desktop,0,Train
7613f2.png,desktop,0,Train
a2da71.png,desktop,0,Train
95b2d2.png,desktop,0,Train
8b0b52.png,desktop,0,Train
2e93e6.png,desktop,0,Train
4adea3.jpg,mobile,0,Train
13af7a.jpg,mobile,0,Train
17a8d1.jpg,mobile,0,Train
58a60d.jpg,mobile,0,Train
207fd4.jpg,mobile,0,Train
f639bf.jpg,mobile,0,Train
708a08.png,poster,0,Train
b2d2fa.jpg,poster,0,Train
05e980.jpg,poster,"0,00E+00",Train
9afe5f.png,poster,0,Train
e7e220.png,poster,0,Train
9efc81.png,web,0,Train
166bc9.png,web,0,Train
72062c.png,web,0,Train
69a8c4.png,web,0,Train
29227b.png,web,0,Train
27d67e.png,web,0,Train
781b7e.png,web,0,Train
9b4285.png,desktop,1,Train
3d6147.png,desktop,1,Train
1bf5c6.png,desktop,1,Train
1fdbf2.png,desktop,1,Train
1b436f.png,desktop,1,Train
e2aa7e.png,desktop,1,Train
a7ac1b.png,desktop,1,Train
cccd2a.png,desktop,1,Train
cba28b.jpg,mobile,1,Train
3b078d.jpg,mobile,1,Train
8cf0d4.jpg,mobile,1,Train
840bb8.jpg,mobile,1,Train
3141d9.jpg,mobile,1,Train
f30633.jpg,mobile,1,Train
58b56c.jpg,mobile,1,Train
8770ed.jpg,mobile,1,Train
1e1131.jpg,poster,"1,00E+00",Train
3734cb.jpg,poster,1,Train
32fcbf.png,poster,1,Train
8da42b.png,poster,1,Train
98474c.jpg,poster,1,Train
a077e7.png,poster,1,Train
0ec997.png,poster,1,Train
43a952.png,poster,1,Train
1ee232.png,web,1,Train
1b3eec.png,web,1,Train
183534.png,web,1,Train
5ac518.png,web,1,Train
caa82e.png,web,1,Train
3b1c3e.png,web,1,Train
026dd2.png,web,1,Train
a76ed6.png,web,1,Train
d98c2a.png,desktop,2,Train
f7681d.png,desktop,2,Train
afdcf4.png,desktop,2,Train
3b203e.jpg,desktop,2,Train
7f066d.png,desktop,2,Train
03474c.png,desktop,2,Train
c807dc.png,desktop,2,Train
83d7ce.jpg,mobile,2,Train
533099.jpg,mobile,2,Train
2b0b4e.jpg,mobile,2,Train
9aa231.jpg,mobile,2,Train
bae388.jpg,mobile,2,Train
3f9682.jpg,mobile,2,Train
722b8c.jpg,poster,2,Train
093c65.png,poster,2,Train
162809.png,poster,2,Train
c143b6.png,poster,2,Train
17e6bf.png,poster,2,Train
98b958.jpg,poster,2,Train
bccea2.png,web,2,Train
d07b98.png,web,2,Train
6b7c75.png,web,2,Train
2b56f2.png,web,2,Train
dda275.png,web,2,Train
271112.png,web,2,Train
e9b8fa.png,web,2,Train
72cfd2.png,desktop,3,Train
39b696.png,desktop,3,Train
8e0c5b.png,desktop,3,Train
306281.png,desktop,3,Train
1a9f12.png,desktop,3,Train
13bd83.png,desktop,3,Train
226f76.jpg,mobile,3,Train
917a4f.jpg,mobile,3,Train
03340d.jpg,mobile,3,Train
95d2d7.jpg,mobile,3,Train
95fc3f.jpg,mobile,3,Train
20e9c6.jpg,mobile,3,Train
8a770a.jpg,mobile,3,Train
8709e4.png,poster,3,Train
8fcaf4.png,poster,3,Train
9e3ef2.png,poster,3,Train
72156f.png,poster,3,Train
4954fe.jpg,poster,3,Train
1ad1cc.jpg,poster,3,Train
0197c7.jpg,poster,3,Train
11a99d.png,poster,3,Train
452a6c.png,web,3,Train
1626dc.png,web,3,Train
9b41e4.png,web,3,Train
40ca07.png,web,3,Train
450720.png,web,3,Train
026a98.png,web,3,Train
256121.png,desktop,4,Train
3ea9d8.png,desktop,4,Train
b4f37d.png,desktop,4,Train
6294a2.png,desktop,4,Train
9984d9.png,desktop,4,Train
1f3437.png,desktop,4,Train
731c85.jpg,mobile,4,Train
c02580.jpg,mobile,4,Train
2f6fcd.jpg,mobile,4,Train
3bb8f9.jpg,mobile,4,Train
012baa.jpg,mobile,4,Train
d79d5c.jpg,mobile,4,Train
a77bd5.jpg,mobile,4,Train
17b8da.jpg,poster,4,Train
2586ee.png,poster,4,Train
1f5664.png,poster,4,Train
78cb76.png,poster,4,Train
8d908a.png,poster,4,Train
bbc0fc.jpg,poster,4,Train
092bd5.png,poster,4,Train
5b0cba.png,poster,4,Train
330777.png,web,4,Train
a7c147.png,web,4,Train
d24c30.png,web,4,Train
d8d582.png,web,4,Train
5fc8c2.png,desktop,5,Train
f69be0.png,desktop,5,Train
33c037.png,desktop,5,Train
3a8a8b.png,desktop,5,Train
33cc24.png,desktop,5,Train
0632d7.png,desktop,5,Train
763560.png,desktop,5,Train
2336ff.jpg,mobile,5,Train
9d3bb4.jpg,mobile,5,Train
587857.jpg,mobile,5,Train
b8a4ea.jpg,mobile,5,Train
006450.jpg,mobile,5,Train
93f7fb.jpg,mobile,5,Train
757ade.jpg,mobile,5,Train
bbffc1.png,poster,5,Train
d56ac6.png,poster,5,Train
b901be.png,poster,5,Train
6c678c.png,poster,5,Train
6aa903.png,poster,5,Train
e9f7d6.png,web,5,Train
f431fa.png,web,5,Train
9efcf0.png,web,5,Train
774bc4.png,web,5,Train
06256f.png,web,5,Train
1d5a20.png,web,5,Train
57bb95.png,web,5,Train
1bafe2.png,web,5,Train
3f6cd4.png,desktop,6,Train
13349c.png,desktop,6,Train
b5dab9.png,desktop,6,Train
2a4ccc.png,desktop,6,Train
16d9d5.png,desktop,6,Train
6722bc.png,desktop,6,Train
25e2f5.png,desktop,6,Train
f0f10a.jpg,mobile,6,Train
cff421.jpg,mobile,6,Train
00fcd9.jpg,mobile,6,Train
b8c70a.jpg,mobile,6,Train
8ce365.jpg,mobile,6,Train
5efd27.jpg,mobile,6,Train
eeb171.png,poster,6,Train
110636.png,poster,6,Train
09094b.jpg,poster,6,Train
d28ecf.png,poster,6,Train
1bc531.png,poster,6,Train
865942.jpg,poster,6,Train
2917cc.png,web,6,Train
454f59.png,web,6,Train
4571a8.png,web,6,Train
349e93.png,web,6,Train
3f3349.png,web,6,Train
700dbf.png,web,6,Train
bcdde6.png,web,6,Train
e8b226.png,desktop,7,Train
2e5cd6.png,desktop,7,Train
81e5e3.png,desktop,7,Train
3aecb7.png,desktop,7,Train
5062ba.png,desktop,7,Train
07950c.png,desktop,7,Train
700a42.jpg,mobile,7,Train
a69a78.jpg,mobile,7,Train
39f80c.jpg,mobile,7,Train
80e107.jpg,mobile,7,Train
371069.jpg,mobile,7,Train
2b80bb.jpg,mobile,7,Train
38dec1.png,poster,7,Train
09d1d9.png,poster,7,Train
8d7422.jpg,poster,7,Train
b8a1c2.png,poster,7,Train
4093f0.png,poster,7,Train
00ee0c.png,poster,7,Train
c3c939.png,web,7,Train
009085.png,web,7,Train
b28a85.png,web,7,Train
cf477d.png,web,7,Train
21d79e.png,web,7,Train
b93b7e.png,web,7,Train
5a64a8.png,web,7,Train
46e6ec.png,desktop,8,Train
d5f959.png,desktop,8,Train
9b2668.png,desktop,8,Train
6cb6d4.jpg,mobile,8,Train
3b6541.jpg,mobile,8,Train
b33b46.jpg,mobile,8,Train
b36130.jpg,mobile,8,Train
4193f2.jpg,mobile,8,Train
3ea1d8.jpg,mobile,8,Train
5f562b.png,poster,8,Train
dc2864.jpg,poster,8,Train
d31d43.jpg,poster,8,Train
d2c979.png,poster,8,Train
18230e.png,web,8,Train
31b0f0.png,web,8,Train
71e30d.png,web,8,Train
96f6e0.png,web,8,Train
d9baa1.png,web,8,Train
a2d191.png,web,8,Train
5073f5.png,web,8,Train
5eb5e5.png,desktop,9,Train
42b098.png,desktop,9,Train
0eb2be.png,desktop,9,Train
512240.png,desktop,9,Train
2c663c.png,desktop,9,Train
0720ce.png,desktop,9,Train
ab9e2a.png,desktop,9,Train
0ff0be.png,desktop,9,Train
f96a6e.jpg,mobile,9,Train
2e9a8b.jpg,mobile,9,Train
39fa7c.jpg,mobile,9,Train
2b7751.jpg,mobile,9,Train
f38ac2.jpg,mobile,9,Train
6b51ee.jpg,mobile,9,Train
96d95b.jpg,mobile,9,Train
020ba5.jpg,mobile,9,Train
f05508.jpg,poster,9,Train
f68906.png,poster,9,Train
b5edbf.png,poster,9,Train
1c2bc5.jpg,poster,9,Train
63aef5.png,poster,9,Train
45d01a.png,poster,9,Train
8b12a0.png,poster,9,Train
16a273.png,web,9,Train
856a72.png,web,9,Train
14a7b0.png,web,9,Train
b67326.png,web,9,Train
869868.png,web,9,Train
a3d37d.png,web,9,Train
2b48a6.png,web,9,Train
7f6c14.png,web,9,Train
d8d91d.png,desktop,10,Train
52fbfe.png,desktop,10,Train
c35930.png,desktop,10,Train
61ea3d.jpg,desktop,10,Train
1ce5f5.png,desktop,10,Train
949207.png,desktop,10,Train
fafbcc.png,desktop,10,Train
064f44.jpg,mobile,10,Train
00d37d.jpg,mobile,10,Train
aff2b7.jpg,mobile,10,Train
10b93c.jpg,mobile,10,Train
a4f49f.jpg,mobile,10,Train
f21770.jpg,mobile,10,Train
52b67f.jpg,mobile,10,Train
70d755.jpg,mobile,10,Train
3c29dc.png,poster,10,Train
b7690d.png,poster,10,Train
25d5bc.png,poster,10,Train
b46333.png,poster,10,Train
9f2268.png,poster,10,Train
39a8fb.png,poster,10,Train
2ea01b.png,poster,10,Train
ecd2f0.png,web,10,Train
ddc145.png,web,10,Train
0f858f.png,web,10,Train
bbc4d8.png,web,10,Train
6a4f04.png,web,10,Train
042af0.png,web,10,Train
1d1d01.png,web,10,Train
a0e299.png,web,10,Train
7881e5.png,web,10,Train
3a7320.png,desktop,11,Train
387531.png,desktop,11,Train
009d6b.png,desktop,11,Train
6581b4.png,desktop,11,Train
8bc82b.png,desktop,11,Train
f01758.png,desktop,11,Train
623ccb.jpg,mobile,11,Train
e8d8ff.jpg,mobile,11,Train
661e84.jpg,mobile,11,Train
935ba3.jpg,mobile,11,Train
93562f.jpg,mobile,11,Train
22411d.jpg,poster,11,Train
935066.png,poster,11,Train
0b81bd.png,poster,11,Train
c9131a.jpg,poster,11,Train
b602c0.jpg,poster,11,Train
9e5e48.png,poster,11,Train
a26a7d.png,poster,11,Train
e8739a.png,poster,"1,10E+01",Train
a8f62a.png,poster,11,Train
b02b39.png,web,11,Train
8dcfba.png,web,11,Train
e7e0d0.png,web,11,Train
3250cb.png,web,11,Train
8bcc12.png,web,11,Train
82a8ca.png,web,11,Train
285c1c.png,desktop,12,Train
2fe128.png,desktop,12,Train
583824.png,desktop,12,Train
40f316.png,desktop,12,Train
74e427.jpg,mobile,"1,20E+01",Train
5f07a6.jpg,mobile,12,Train
943fdb.jpg,mobile,12,Train
163518.jpg,mobile,12,Train
4867f6.jpg,mobile,12,Train
7e3369.jpg,mobile,"1,20E+01",Train
605f70.jpg,mobile,12,Train
12a0ed.jpg,mobile,12,Train
0c21ef.jpg,mobile,12,Train
71bc07.jpg,poster,12,Train
eed5f3.jpg,poster,12,Train
457f63.png,poster,12,Train
f861f0.jpg,poster,12,Train
01d4b9.jpg,poster,12,Train
0f712c.png,web,12,Train
2a97ca.png,web,12,Train
3364ed.png,web,12,Train
00b8f8.png,desktop,13,Train
432066.png,desktop,13,Train
76b63f.png,desktop,13,Train
862f3a.png,desktop,13,Train
f76fca.png,desktop,13,Train
07e9bb.jpg,mobile,13,Train
741c3a.jpg,mobile,13,Train
1a2169.jpg,mobile,13,Train
dc537b.jpg,mobile,13,Train
b80cf5.png,poster,13,Train
3dbc95.png,poster,13,Train
575851.png,poster,13,Train
d2f771.png,poster,13,Train
9e68c7.jpg,poster,13,Train
bd7a8b.png,poster,13,Train
074c75.png,web,13,Train
3d5500.png,web,13,Train
a069b7.png,web,13,Train
2a1907.png,web,13,Train
773f17.png,web,13,Train
fb6dd3.png,web,13,Train
056cfb.png,desktop,14,Train
7d5fb2.png,desktop,14,Train
0ef9b2.png,desktop,14,Train
0f85bd.png,desktop,14,Train
6d4031.png,desktop,14,Train
370302.png,desktop,14,Train
61e6d0.jpg,mobile,14,Train
71a0b1.jpg,mobile,14,Train
733bb9.jpg,mobile,14,Train
6b1bcd.jpg,mobile,14,Train
f491f4.jpg,mobile,14,Train
bc25a7.jpg,mobile,14,Train
927918.jpg,mobile,14,Train
65a2cf.png,poster,14,Train
d50a8b.png,poster,14,Train
de4fee.jpg,poster,14,Train
09d330.png,poster,14,Train
f1bad6.jpg,poster,14,Train
60fd02.png,poster,14,Train
1a5c70.jpg,poster,14,Train
25d2e6.jpg,poster,14,Train
a33aac.png,web,14,Train
439c14.png,web,14,Train
8087da.png,web,14,Train
53faa2.png,web,14,Train
1acfdd.png,web,14,Train
95ce3a.png,web,14,Train
6b2df3.png,web,14,Train
34558c.png,desktop,15,Train
a42ac8.png,desktop,15,Train
2bb7d4.png,desktop,15,Train
c33956.png,desktop,15,Train
08a5d7.png,desktop,15,Train
368917.jpg,mobile,15,Train
a0f84b.jpg,mobile,15,Train
ddca3f.jpg,mobile,15,Train
f60132.jpg,mobile,15,Train
b80952.jpg,mobile,15,Train
7527bb.jpg,mobile,15,Train
eec240.jpg,mobile,15,Train
557221.png,poster,15,Train
a93c69.png,poster,15,Train
a7f12f.jpg,poster,15,Train
93749b.jpg,poster,15,Train
27c37d.png,poster,15,Train
f33d51.jpg,poster,15,Train
a15dc1.png,web,15,Train
029a48.png,web,15,Train
24425e.png,web,15,Train
3ae6bb.png,web,15,Train
d69abb.png,web,15,Train
f7344c.png,web,15,Train
3ae59a.png,web,15,Train
2adbfe.png,web,15,Train
fe670b.png,desktop,16,Train
2cb6b4.png,desktop,16,Train
4587b5.png,desktop,16,Train
1f1fff.png,desktop,16,Train
39fd3b.png,desktop,16,Train
c9133b.jpg,mobile,16,Train
7ee781.jpg,mobile,16,Train
0f81ca.jpg,mobile,16,Train
26c4ef.jpg,mobile,16,Train
88a176.jpg,mobile,16,Train
55d981.png,poster,16,Train
837df2.jpg,poster,16,Train
e70774.png,poster,"1,60E+01",Train
b434fb.png,poster,16,Train
8ff998.png,poster,16,Train
9199de.jpg,poster,16,Train
88c9d1.png,poster,16,Train
b901b1.png,web,16,Train
3478a7.png,web,16,Train
3cf90e.png,web,16,Train
441395.png,web,16,Train
9e8ff1.png,web,16,Train
24776f.png,web,16,Train
95b733.png,web,16,Train
c68139.png,web,16,Train
882e01.png,web,16,Train
d6cc23.png,desktop,17,Train
b49400.png,desktop,17,Train
2675a8.png,desktop,17,Train
a04c36.png,desktop,17,Train
3aced2.png,desktop,17,Train
86c651.png,desktop,17,Train
14c026.png,desktop,17,Train
4fbc40.png,desktop,17,Train
af49df.jpg,mobile,17,Train
00d34f.jpg,mobile,17,Train
01ca85.jpg,mobile,17,Train
b3ddb5.jpg,mobile,17,Train
9fad4b.jpg,mobile,17,Train
6d15ce.jpg,mobile,17,Train
dd8251.jpg,mobile,17,Train
d9a22e.jpg,poster,17,Train
f1e37f.jpg,poster,17,Train
42a9cb.png,poster,17,Train
8b6299.png,poster,17,Train
9204ba.png,poster,17,Train
665c4e.png,poster,17,Train
257df7.png,poster,17,Train
1c27b9.png,web,17,Train
85e5ac.png,web,17,Train
bd57a3.png,web,17,Train
eede0a.png,web,17,Train
5e0dee.png,web,17,Train
d23a34.png,web,17,Train
0a87be.png,web,17,Train
05890e.png,web,17,Train
eed0db.png,desktop,18,Train
a9ccfc.png,desktop,18,Train
ed8647.png,desktop,18,Train
147ff4.png,desktop,18,Train
74edd4.jpg,mobile,18,Train
9ba547.jpg,mobile,18,Train
3efe00.jpg,mobile,18,Train
f735e9.jpg,mobile,18,Train
f1be04.jpg,mobile,18,Train
2b30aa.jpg,mobile,18,Train
62fedf.jpg,mobile,18,Train
8f669a.png,poster,18,Train
91138f.png,poster,18,Train
628c6e.png,poster,18,Train
05a1ad.png,poster,18,Train
d375a8.png,poster,18,Train
d1f254.png,poster,18,Train
813384.png,poster,18,Train
d20ff4.png,web,18,Train
714584.png,web,18,Train
cad727.png,web,18,Train
b3bf42.png,web,18,Train
7b8443.png,web,18,Train
268f27.png,web,18,Train
609262.png,web,18,Train
58e0a1.png,desktop,19,Train
1e27b2.png,desktop,19,Train
c0233f.png,desktop,19,Train
0dbd98.png,desktop,19,Train
f20200.png,desktop,19,Train
27f3f7.png,desktop,19,Train
bdf30a.png,desktop,19,Train
8cb7cc.png,desktop,19,Train
759dc4.jpg,mobile,19,Train
6af818.jpg,mobile,19,Train
25bf7b.jpg,mobile,19,Train
235508.jpg,mobile,19,Train
51fd1b.jpg,mobile,19,Train
980144.jpg,mobile,19,Train
319181.jpg,mobile,19,Train
0616a4.jpg,mobile,19,Train
239f23.jpg,poster,19,Train
ea3c8c.png,poster,19,Train
b4a191.jpg,poster,19,Train
f48d0e.jpg,poster,19,Train
325d49.jpg,poster,19,Train
f63992.jpg,poster,19,Train
203a7b.png,poster,19,Train
27b0cb.png,web,19,Train
486fbb.png,web,19,Train
3cc438.png,web,19,Train
bb4af5.png,web,19,Train
d59f99.png,web,19,Train
d7d901.png,web,19,Train
42941c.png,web,19,Train
55c555.png,desktop,20,Train
333ba8.png,desktop,20,Train
947b62.png,desktop,20,Train
b2b7a2.png,desktop,20,Train
6a8c97.png,desktop,20,Train
003eb9.png,desktop,20,Train
78b10c.png,desktop,20,Train
849f25.jpg,mobile,20,Train
13f898.jpg,mobile,20,Train
cbb7ad.jpg,mobile,20,Train
05490b.jpg,mobile,20,Train
510093.jpg,mobile,20,Train
16e611.jpg,mobile,"2,00E+01",Train
544816.jpg,poster,20,Train
b516e1.jpg,poster,20,Train
76dc6b.png,poster,20,Train
0fc384.jpg,poster,20,Train
7e5b71.jpg,poster,20,Train
ef8863.png,web,20,Train
3839b1.png,web,20,Train
9cb812.png,web,20,Train
2a5307.png,web,20,Train
73d5d7.png,web,20,Train
c642a8.png,web,20,Train
9466ef.png,web,20,Train
2ef49e.png,desktop,21,Train
69cd24.png,desktop,21,Train
998d69.png,desktop,21,Train
8ea477.png,desktop,21,Train
0eef1f.png,desktop,21,Train
07b304.png,desktop,21,Train
919716.png,desktop,21,Train
038d71.png,desktop,21,Train
88fed8.jpg,mobile,21,Train
23f03c.jpg,mobile,21,Train
a4d2a8.jpg,mobile,21,Train
9073f0.jpg,mobile,21,Train
a6c640.jpg,mobile,21,Train
591218.jpg,mobile,21,Train
6f5978.png,poster,21,Train
f0773e.png,poster,21,Train
af24f8.jpg,poster,21,Train
fe193f.png,poster,21,Train
5a19e3.png,web,21,Train
3a6075.png,web,21,Train
563395.png,web,21,Train
188089.png,web,21,Train
1d99c7.png,web,21,Train
3628ee.png,web,21,Train
c9898c.png,web,21,Train
e6b882.png,web,21,Train
20beb4.png,desktop,22,Train
7e305e.png,desktop,22,Train
f06889.png,desktop,22,Train
9fb0eb.png,desktop,22,Train
5aa40c.png,desktop,22,Train
d667b6.png,desktop,22,Train
179165.png,desktop,22,Train
030bb3.png,desktop,22,Train
890d33.png,desktop,22,Train
2c29d4.jpg,mobile,22,Train
56ea71.jpg,mobile,22,Train
509783.jpg,mobile,22,Train
72aff7.jpg,mobile,22,Train
381869.jpg,mobile,22,Train
3a0d2b.jpg,mobile,22,Train
23981a.jpg,poster,22,Train
468f66.png,poster,22,Train
0186f0.png,poster,22,Train
a0c0ff.png,poster,22,Train
0bce2b.png,poster,22,Train
82e138.png,poster,22,Train
caf6d3.png,poster,22,Train
7f0091.png,poster,22,Train
d6ac76.png,poster,22,Train
96db53.png,web,22,Train
82dad4.png,web,22,Train
362dcc.png,web,22,Train
822454.png,web,22,Train
ba46a0.png,web,22,Train
e6c62e.png,web,22,Train
be0882.png,desktop,23,Train
8e3198.png,desktop,"2,30E+01",Train
9780b8.png,desktop,23,Train
ef9433.png,desktop,23,Train
bb1ef8.png,desktop,23,Train
8a1565.png,desktop,23,Train
2c6579.png,desktop,23,Train
74db3f.jpg,mobile,23,Train
94d9ed.jpg,mobile,23,Train
dd173b.jpg,mobile,23,Train
aff6c9.jpg,mobile,23,Train
22651b.jpg,mobile,23,Train
1f1736.jpg,mobile,23,Train
18f09a.png,poster,23,Train
150e9a.png,poster,23,Train
287cec.jpg,poster,23,Train
74cb9f.png,poster,23,Train
79dba2.png,poster,23,Train
9dd545.png,poster,23,Train
2d86fb.png,web,23,Train
aef7af.png,web,23,Train
091b5e.png,web,23,Train
5fb771.png,web,23,Train
82361c.png,desktop,24,Train
9ea1e5.png,desktop,24,Train
312489.png,desktop,24,Train
6cb077.png,desktop,24,Train
742a95.png,desktop,24,Train
2f8185.png,desktop,24,Train
1b307f.jpg,mobile,24,Train
857721.jpg,mobile,24,Train
0ce287.jpg,mobile,24,Train
dc351a.jpg,mobile,24,Train
4288cb.jpg,mobile,24,Train
87b278.png,poster,24,Train
5845fb.png,poster,24,Train
38d067.jpg,poster,24,Train
d2d386.jpg,poster,24,Train
83c9ba.png,poster,24,Train
8f7ad5.png,web,24,Train
5a5935.png,web,24,Train
c98506.png,web,24,Train
5fe2ce.png,web,24,Train
458458.png,web,24,Train
14f8a2.png,web,24,Train
c74797.png,desktop,25,Train
84dc61.png,desktop,25,Train
9faf29.png,desktop,25,Train
8c2c62.png,desktop,25,Train
1d0e96.png,desktop,25,Train
9378c2.png,desktop,25,Train
11482d.png,desktop,25,Train
22dd48.png,desktop,25,Train
8c6298.jpg,mobile,25,Train
a80be1.jpg,mobile,25,Train
25c458.jpg,mobile,25,Train
09942c.jpg,mobile,25,Train
91b127.jpg,mobile,25,Train
18f66d.jpg,mobile,25,Train
417f2b.jpg,mobile,25,Train
71bf79.png,poster,25,Train
c65666.png,poster,25,Train
5ae7ba.png,poster,25,Train
54d9cf.png,poster,25,Train
027990.png,poster,25,Train
69b497.png,poster,25,Train
b346f3.jpg,poster,25,Train
c86562.png,poster,25,Train
94d7be.png,web,25,Train
4014f1.png,web,25,Train
b0a63b.png,web,25,Train
142b9c.png,web,25,Train
cb0bf5.png,web,25,Train
de1ea9.png,web,25,Train
8efd51.png,desktop,26,Train
08d1eb.png,desktop,26,Train
325da3.png,desktop,26,Train
1ed970.png,desktop,26,Train
7760b5.png,desktop,26,Train
91c8f3.jpg,mobile,26,Train
b3c403.jpg,mobile,26,Train
15fd54.jpg,mobile,26,Train
317639.jpg,mobile,26,Train
9952f0.png,poster,26,Train
22eaed.png,poster,26,Train
343781.jpg,poster,26,Train
230d6a.png,poster,26,Train
cfa724.png,poster,26,Train
013aca.jpg,poster,26,Train
1fac04.jpg,poster,26,Train
a7f467.png,poster,26,Train
b68951.png,web,26,Train
55d16d.png,web,26,Train
aed588.png,web,26,Train
1408dc.png,web,26,Train
3a1d22.png,web,26,Train
bdeb92.png,web,26,Train
83b5c8.png,desktop,27,Train
3304d5.png,desktop,27,Train
832f18.png,desktop,27,Train
93527f.png,desktop,27,Train
286b3f.png,desktop,27,Train
2a4b2d.png,desktop,27,Train
0136d8.png,desktop,27,Train
698985.png,desktop,27,Train
dd0f11.jpg,mobile,27,Train
fb692e.jpg,mobile,27,Train
3bdf30.jpg,mobile,27,Train
489252.jpg,mobile,27,Train
2ab326.jpg,mobile,27,Train
763161.jpg,mobile,27,Train
356da5.jpg,mobile,27,Train
1de187.png,poster,27,Train
493d3c.jpg,poster,27,Train
324a81.png,poster,27,Train
0cee4a.png,poster,27,Train
b908c7.png,web,27,Train
25265d.png,web,27,Train
215977.png,web,27,Train
d4dac4.png,web,27,Train
761c36.png,web,27,Train
28867f.png,web,27,Train
1f192b.png,web,27,Train
685482.png,desktop,28,Train
d0bb76.png,desktop,28,Train
8daca7.png,desktop,28,Train
3766a5.png,desktop,28,Train
4f2d13.png,desktop,28,Train
b9bf42.png,desktop,28,Train
286cb0.png,desktop,28,Train
d1e7bf.png,desktop,28,Train
862bf5.jpg,mobile,28,Train
02f37c.jpg,mobile,28,Train
ee0caf.jpg,mobile,28,Train
fe5ed4.jpg,mobile,28,Train
2ab8bb.jpg,mobile,28,Train
1193c7.jpg,mobile,28,Train
dc705a.jpg,mobile,28,Train
781596.png,poster,28,Train
cfade5.jpg,poster,28,Train
9fce53.png,poster,28,Train
5ee443.jpg,poster,28,Train
fac314.jpg,poster,28,Train
170ea3.png,poster,28,Train
ba6d0c.png,poster,28,Train
a52e34.png,web,28,Train
5d7115.png,web,28,Train
59cb6e.png,web,28,Train
f0acf8.png,web,28,Train
6193f8.png,web,28,Train
fe0708.png,web,28,Train
0b2a15.png,web,28,Train
30bf75.png,desktop,29,Train
0e1c44.png,desktop,29,Train
82dca6.png,desktop,29,Train
a1379e.png,desktop,29,Train
163ce0.png,desktop,29,Train
c58003.png,desktop,29,Train
8ef737.png,desktop,29,Train
755429.jpg,mobile,29,Train
0a588b.jpg,mobile,29,Train
2d170d.jpg,mobile,29,Train
8f38c9.jpg,mobile,29,Train
fe430b.jpg,mobile,29,Train
472a87.jpg,mobile,29,Train
44efc4.jpg,mobile,29,Train
a0d2e5.png,poster,29,Train
719c30.png,poster,29,Train
4f357d.jpg,poster,29,Train
366c6f.png,poster,29,Train
949fd0.png,web,29,Train
5009b5.png,web,29,Train
dde134.png,web,29,Train
02a592.png,web,29,Train
18177f.png,desktop,30,Train
0db596.png,desktop,30,Train
e9ec93.jpg,desktop,30,Train
36602c.png,desktop,30,Train
f50ab7.png,desktop,30,Train
9dd93b.png,desktop,30,Train
92c389.png,desktop,30,Train
3bc419.png,desktop,30,Train
6628d7.jpg,mobile,30,Train
d1da7d.jpg,mobile,30,Train
37446a.jpg,mobile,30,Train
804d56.jpg,mobile,30,Train
55ce87.jpg,mobile,30,Train
217ab4.jpg,mobile,30,Train
5300d8.jpg,mobile,30,Train
8b41ed.jpg,mobile,30,Train
62f428.jpg,mobile,30,Train
423c3e.jpg,poster,30,Train
809460.png,poster,30,Train
5dd542.jpg,poster,30,Train
647100.png,poster,30,Train
a2744a.png,poster,30,Train
299635.png,poster,30,Train
edcc83.png,poster,30,Train
9b3421.png,poster,30,Train
ceea7c.jpg,poster,30,Train
14e331.png,web,"3,00E+01",Train
b66ff3.png,web,30,Train
eabfe2.png,web,30,Train
e9a4e4.png,web,30,Train
3fdde1.png,web,30,Train
d4ab0e.png,web,30,Train
4f9082.png,desktop,31,Train
2a8ea5.png,desktop,31,Train
a25cde.png,desktop,31,Train
3f177a.jpg,desktop,31,Train
229d89.png,desktop,31,Train
853933.png,desktop,31,Train
e7be99.png,desktop,31,Train
d60e75.png,desktop,31,Train
3664a3.jpg,mobile,31,Train
529401.jpg,mobile,31,Train
3578cd.jpg,mobile,31,Train
1f0773.jpg,mobile,31,Train
8a530f.jpg,mobile,31,Train
9c07ef.jpg,mobile,31,Train
08d885.jpg,mobile,31,Train
5e2ff9.jpg,mobile,31,Train
94b1bc.jpg,mobile,31,Train
274fcc.png,poster,31,Train
8e8767.png,poster,"3,10E+01",Train
848e55.jpg,poster,31,Train
a18b8d.jpg,poster,31,Train
dd0d82.jpg,poster,31,Train
52a3d2.png,web,31,Train
83575e.png,web,31,Train
d8cbc3.png,web,31,Train
2c9ce5.png,web,31,Train
8fd96b.png,web,31,Train
c0422a.png,web,31,Train
28a531.png,web,31,Train
38a100.png,web,31,Train
ba9073.png,web,31,Train
182715.png,desktop,32,Train
faa31c.png,desktop,32,Train
bef09c.png,desktop,32,Train
cd6b02.png,desktop,32,Train
1411d0.png,desktop,32,Train
ba648d.png,desktop,32,Train
37123f.png,desktop,32,Train
0c5a84.jpg,mobile,32,Train
756eac.jpg,mobile,32,Train
14a621.jpg,mobile,32,Train
87b0c1.jpg,mobile,32,Train
13a206.jpg,mobile,32,Train
ca623d.png,poster,32,Train
bb3926.jpg,poster,32,Train
0939f7.png,poster,32,Train
3ec6d5.jpg,poster,32,Train
1356d2.jpg,poster,32,Train
b3b208.jpg,poster,32,Train
a19d22.png,web,32,Train
92510f.png,web,32,Train
8d98e4.png,web,32,Train
42c4ea.png,web,32,Train
20eedb.png,web,32,Train
0a22ef.png,web,32,Train
d34e08.png,web,32,Train
f3411a.png,web,32,Train
6428b2.png,web,32,Train
9e6898.png,desktop,"3,30E+01",Train
1a3e47.png,desktop,33,Train
669937.png,desktop,33,Train
fcb925.png,desktop,33,Train
834258.png,desktop,33,Train
111cd2.png,desktop,33,Train
af0d52.jpg,mobile,33,Train
658f2d.jpg,mobile,33,Train
b264ce.jpg,mobile,33,Train
94e7b4.jpg,mobile,33,Train
3a2d21.jpg,mobile,33,Train
0be8eb.jpg,mobile,33,Train
60b012.jpg,mobile,33,Train
16a5c4.jpg,mobile,33,Train
c62001.jpg,poster,33,Train
2ad4e3.png,poster,33,Train
28d46f.jpg,poster,33,Train
1102e9.png,poster,33,Train
9da4ef.png,poster,33,Train
018c0a.jpg,poster,33,Train
b0afe4.png,poster,33,Train
2ad31e.png,poster,33,Train
96c596.png,web,33,Train
348c74.png,web,33,Train
1ba5bc.png,web,33,Train
af1e2d.png,web,33,Train
d88d22.png,web,33,Train
cb662e.png,web,33,Train
972cc2.png,desktop,34,Train
51e1ce.png,desktop,34,Train
3a8c09.png,desktop,34,Train
256ef1.png,desktop,34,Train
210e46.png,desktop,34,Train
42962f.png,desktop,34,Train
8160e7.png,desktop,34,Train
b32f2b.jpg,mobile,34,Train
7ee34f.jpg,mobile,34,Train
964429.jpg,mobile,34,Train
906624.jpg,mobile,34,Train
6c392e.jpg,mobile,34,Train
9ec0f6.jpg,mobile,34,Train
69ba30.jpg,mobile,34,Train
2d23e1.jpg,poster,34,Train
68d170.png,poster,34,Train
6a7b1c.jpg,poster,34,Train
2089d4.jpg,poster,34,Train
98ae63.png,poster,34,Train
4a784d.png,poster,34,Train
93016d.jpg,poster,34,Train
8869c8.png,poster,34,Train
b11c7a.png,web,34,Train
a4eeef.png,web,34,Train
fec2d4.png,web,34,Train
567366.png,web,34,Train
689a18.png,web,34,Train
65b50e.png,web,34,Train
d0e249.png,web,34,Train
9609c8.png,web,34,Train
95b24c.png,desktop,35,Train
f717f5.png,desktop,35,Train
709b8f.png,desktop,35,Train
cdeba6.png,desktop,35,Train
3c9088.png,desktop,35,Train
91d919.jpg,mobile,35,Train
579621.jpg,mobile,35,Train
81f2f3.jpg,mobile,35,Train
b83a7a.jpg,mobile,35,Train
59b238.jpg,mobile,35,Train
2a3bf3.jpg,mobile,35,Train
2cf681.jpg,mobile,35,Train
42826d.png,poster,35,Train
75c4ec.png,poster,35,Train
6b173a.png,poster,35,Train
a7aa57.jpg,poster,35,Train
7786e5.png,poster,35,Train
2298de.png,poster,35,Train
a7c035.png,poster,35,Train
c36099.png,web,35,Train
d33aa2.png,web,35,Train
070781.png,web,35,Train
3f1f0d.png,web,35,Train
b3acff.png,web,35,Train
97cc00.png,web,35,Train
e9cc4c.png,desktop,36,Train
10579e.png,desktop,36,Train
94dc20.png,desktop,36,Train
3ec21e.png,desktop,36,Train
7f6f8f.png,desktop,36,Train
11412e.png,desktop,36,Train
290bcd.png,desktop,36,Train
a42b4e.jpg,mobile,36,Train
f147ec.jpg,mobile,36,Train
b87c56.jpg,mobile,36,Train
884333.jpg,mobile,36,Train
1680c9.jpg,mobile,36,Train
23b246.jpg,mobile,36,Train
305533.jpg,poster,36,Train
196a1e.jpg,poster,36,Train
56ed0e.png,poster,36,Train
2dfd9c.png,poster,36,Train
4a2527.png,poster,36,Train
4ea758.jpg,poster,36,Train
2511d9.png,web,36,Train
3088d0.png,web,36,Train
787aa3.png,web,36,Train
8740d9.png,web,36,Train
28cf69.png,web,36,Train
0d8830.png,web,36,Train
54f52f.png,web,36,Train
63de16.png,web,36,Train
faab85.png,desktop,37,Train
f0e574.png,desktop,37,Train
b45744.png,desktop,37,Train
16830b.png,desktop,37,Train
3351c6.png,desktop,37,Train
44c36b.png,desktop,37,Train
bb23c6.jpg,mobile,37,Train
b8b56d.jpg,mobile,37,Train
a3fb58.jpg,mobile,37,Train
d079f1.jpg,mobile,37,Train
6afc6f.jpg,mobile,37,Train
f757ac.jpg,mobile,37,Train
591317.jpg,mobile,37,Train
174696.jpg,mobile,37,Train
005f83.png,poster,37,Train
5ad367.jpg,poster,37,Train
6763e2.png,poster,37,Train
9ab8bc.png,poster,37,Train
88f13f.png,poster,37,Train
f27923.png,poster,37,Train
9f6fc9.jpg,poster,37,Train
9e3970.png,poster,"3,70E+01",Train
56d63a.png,web,37,Train
912a36.png,web,37,Train
cfca97.png,web,37,Train
32c969.png,web,37,Train
9aa968.png,web,37,Train
2481a3.png,web,37,Train
73bdee.png,web,37,Train
d8d2df.png,web,37,Train
2c9c76.png,desktop,38,Train
ddbec1.png,desktop,38,Train
985d8c.png,desktop,38,Train
af5f27.png,desktop,38,Train
26fb2d.png,desktop,38,Train
3e3ebf.png,desktop,38,Train
d66c89.png,desktop,38,Train
a0992a.png,desktop,38,Train
dcf870.jpg,mobile,38,Train
13a393.jpg,mobile,38,Train
1dd09f.jpg,mobile,38,Train
a05670.jpg,mobile,38,Train
f1d7fa.jpg,mobile,38,Train
2f57d8.jpg,mobile,38,Train
972486.png,poster,38,Train
b5f7cc.png,poster,38,Train
212589.jpg,poster,38,Train
f93751.png,poster,38,Train
9f7fe4.png,poster,38,Train
7ec75a.png,poster,38,Train
868823.jpg,poster,38,Train
540107.jpg,poster,38,Train
33214a.png,web,38,Train
a7a074.png,web,38,Train
483fb9.png,web,38,Train
2f5041.png,web,38,Train
2b837f.png,web,38,Train
f7435d.png,desktop,39,Train
38c9d5.png,desktop,39,Train
6ba20c.png,desktop,39,Train
10298c.png,desktop,39,Train
dc06e3.png,desktop,39,Train
8898cb.png,desktop,39,Train
b47f5a.png,desktop,39,Train
128abc.jpg,mobile,39,Train
d5caa3.jpg,mobile,39,Train
016f77.jpg,mobile,39,Train
d13f3e.jpg,mobile,39,Train
b5d9a8.jpg,mobile,39,Train
479245.jpg,mobile,39,Train
28422f.jpg,mobile,39,Train
42c444.jpg,mobile,39,Train
9bf988.jpg,mobile,39,Train
a965f4.png,poster,39,Train
bb56be.png,poster,39,Train
2fd907.png,poster,39,Train
b7c621.png,poster,39,Train
172c5d.jpg,poster,39,Train
6a889e.jpg,poster,39,Train
dcc0de.png,web,39,Train
2103ee.png,web,39,Train
b87aea.png,web,39,Train
1d26b4.png,web,39,Train
60ab80.png,web,39,Train
47033b.png,web,39,Train
2019ad.png,web,39,Train
337990.png,web,39,Train
221587.png,desktop,40,Train
c905dc.png,desktop,40,Train
09bb5b.png,desktop,40,Train
99004f.png,desktop,40,Train
2d811c.jpg,mobile,40,Train
0bdd56.jpg,mobile,40,Train
992c50.jpg,mobile,40,Train
215727.jpg,mobile,40,Train
469579.jpg,mobile,40,Train
4f3f84.jpg,mobile,40,Train
641719.jpg,poster,40,Train
4a97e1.jpg,poster,40,Train
8ee0c9.jpg,poster,40,Train
ae548c.png,poster,40,Train
1055b2.png,poster,40,Train
bb34f1.png,poster,40,Train
4376ed.png,web,40,Train
af4220.png,web,40,Train
909a4f.png,web,40,Train
4fa3d2.png,web,40,Train
014b22.png,web,40,Train
c01022.png,web,40,Train
a78deb.png,web,40,Train
73ada1.png,desktop,41,Train
8675c8.png,desktop,41,Train
79e0cc.png,desktop,41,Train
721348.png,desktop,41,Train
72b54f.png,desktop,41,Train
217749.png,desktop,41,Train
8dfdc1.png,desktop,41,Train
55aa06.jpg,mobile,41,Train
7f957a.jpg,mobile,41,Train
2fe3ac.jpg,mobile,41,Train
039978.jpg,mobile,41,Train
fe8c5d.jpg,mobile,41,Train
1eb64a.jpg,mobile,41,Train
d0c24c.jpg,poster,41,Train
55b7b4.png,poster,41,Train
29d7dd.png,poster,41,Train
9e02bf.png,poster,41,Train
868efa.jpg,poster,41,Train
0fa6b9.jpg,poster,41,Train
5f4902.png,poster,41,Train
446969.png,web,41,Train
ede16b.png,web,41,Train
98df26.png,web,41,Train
9b7610.png,web,41,Train
134669.png,web,41,Train
406fb2.png,web,41,Train
16a13e.png,desktop,42,Train
5a6a69.png,desktop,42,Train
87f3a0.png,desktop,42,Train
cb4227.png,desktop,42,Train
ddce6f.png,desktop,42,Train
9251bb.png,desktop,42,Train
762fc4.png,desktop,42,Train
94460d.png,desktop,42,Train
3c674f.jpg,mobile,42,Train
6d294c.jpg,mobile,42,Train
8e4e71.jpg,mobile,42,Train
69a953.jpg,mobile,42,Train
9d1757.jpg,mobile,42,Train
345b44.jpg,mobile,42,Train
3962ab.jpg,mobile,42,Train
9e5962.jpg,mobile,"4,20E+01",Train
80e896.png,poster,"4,20E+01",Train
a637f9.jpg,poster,42,Train
7542d4.jpg,poster,42,Train
24ff3e.png,poster,42,Train
6c5780.png,poster,42,Train
3bc098.jpg,poster,42,Train
08b92b.png,poster,42,Train
bcc33b.png,poster,42,Train
f84800.png,poster,42,Train
feec80.png,web,42,Train
426a6a.png,web,42,Train
3364c6.png,web,42,Train
259405.png,web,42,Train
f39252.png,web,42,Train
be2ed1.png,web,42,Train
237216.png,desktop,43,Train
dc6989.png,desktop,43,Train
fa1827.png,desktop,43,Train
d6702e.png,desktop,43,Train
8118a1.jpg,mobile,43,Train
4a3f51.jpg,mobile,43,Train
6915dc.jpg,mobile,43,Train
0ef09e.jpg,mobile,43,Train
dd47fa.jpg,mobile,43,Train
045d43.png,poster,43,Train
c25357.jpg,poster,43,Train
173a17.png,poster,43,Train
85b582.png,poster,43,Train
00f742.jpg,poster,43,Train
af4f68.jpg,poster,43,Train
2428cc.png,poster,43,Train
251672.png,web,43,Train
a4d155.png,web,43,Train
21c674.png,web,43,Train
20bf03.png,web,43,Train
d01e8a.png,web,43,Train
32cce0.png,web,43,Train
9eb11f.png,web,43,Train
5305a4.png,desktop,44,Train
ea39db.png,desktop,44,Train
91ce42.png,desktop,44,Train
83b886.png,desktop,44,Train
0c51af.png,desktop,44,Train
786754.png,desktop,44,Train
b37071.png,desktop,44,Train
9951b0.jpg,mobile,44,Train
2e122d.jpg,mobile,44,Train
249820.jpg,mobile,44,Train
af423a.jpg,mobile,44,Train
a4ac9c.jpg,mobile,44,Train
1c375b.jpg,mobile,44,Train
3a564f.jpg,mobile,44,Train
c3cd6a.png,poster,44,Train
5e22c9.jpg,poster,44,Train
b32bc3.png,poster,44,Train
0cf59b.jpg,poster,44,Train
7e2533.png,poster,"4,40E+01",Train
08aaa5.png,poster,44,Train
8e467d.jpg,poster,"4,40E+01",Train
78ddbd.png,web,44,Train
4863ea.png,web,44,Train
60caa9.png,web,44,Train
5a97ec.png,web,44,Train
5a6efa.png,web,44,Train
efddbf.png,web,44,Train
164cf7.png,web,44,Train
b0c3be.png,web,44,Train
bbd445.png,desktop,45,Train
afc676.png,desktop,45,Train
b96ba4.png,desktop,45,Train
b5d3ae.png,desktop,45,Train
363885.png,desktop,45,Train
0e1dea.png,desktop,45,Train
072634.png,desktop,45,Train
00b3a0.png,desktop,45,Train
d3d0eb.png,desktop,45,Train
69df54.jpg,mobile,45,Train
97c1a1.jpg,mobile,45,Train
624c91.jpg,mobile,45,Train
0b86e9.jpg,mobile,45,Train
661898.jpg,mobile,45,Train
86d1d4.jpg,mobile,45,Train
8e5bd8.jpg,poster,45,Train
699734.jpg,poster,45,Train
410cbd.jpg,poster,45,Train
31eed9.png,poster,45,Train
1b0094.png,poster,45,Train
e9f3a6.jpg,poster,45,Train
78fccc.png,web,45,Train
2f0568.png,web,45,Train
d3a405.png,web,45,Train
b81b5a.png,web,45,Train
3b4d85.png,web,45,Train
61a325.png,web,45,Train
a752c9.png,desktop,46,Train
95044c.png,desktop,46,Train
1655e9.png,desktop,46,Train
94bf23.png,desktop,46,Train
4238a0.png,desktop,46,Train
5fd00b.png,desktop,46,Train
24f619.png,desktop,46,Train
7142a6.png,desktop,46,Train
6177fb.png,desktop,46,Train
a6f08e.jpg,mobile,46,Train
04741e.jpg,mobile,46,Train
cf815f.jpg,mobile,46,Train
13642b.jpg,mobile,46,Train
3a98e9.jpg,mobile,46,Train
6bc1d8.jpg,mobile,46,Train
b3b08a.jpg,mobile,46,Train
9f1d52.png,poster,46,Train
297a9c.png,poster,46,Train
9a69c1.jpg,poster,46,Train
29b4ce.png,poster,46,Train
ae747f.png,poster,46,Train
298ce9.jpg,poster,46,Train
cae3e9.jpg,poster,46,Train
4f5fe8.png,poster,46,Train
927a3c.png,web,46,Train
83f4bd.png,web,46,Train
05dac7.png,web,46,Train
9d7510.png,web,46,Train
12be73.png,web,46,Train
b5613a.png,web,46,Train
aefb83.png,desktop,47,Train
0b777c.png,desktop,47,Train
b889dd.png,desktop,47,Train
a46e4b.png,desktop,47,Train
6457e0.png,desktop,47,Train
1dd3f0.png,desktop,47,Train
10c4f3.jpg,mobile,47,Train
a886c5.jpg,mobile,47,Train
a8e85c.jpg,mobile,47,Train
b6c589.jpg,mobile,47,Train
88c36b.png,poster,47,Train
2711d3.png,poster,47,Train
378c6a.png,poster,47,Train
d7beb9.jpg,poster,47,Train
6975a8.jpg,poster,47,Train
8f0277.jpg,poster,47,Train
0f5056.png,poster,47,Train
8bb83b.png,web,47,Train
385881.png,web,47,Train
83df37.png,web,47,Train
d7049d.png,web,47,Train
f51c26.png,web,47,Train
d6f09c.png,web,47,Train
baf38d.png,web,47,Train
02622b.png,web,47,Train
631570.png,desktop,48,Train
302489.png,desktop,48,Train
b57c53.png,desktop,48,Train
3a9ac6.png,desktop,48,Train
8b14c2.png,desktop,48,Train
f466b1.png,desktop,48,Train
425384.png,desktop,48,Train
cfa83c.png,desktop,48,Train
70e38d.jpg,mobile,48,Train
f657ff.jpg,mobile,48,Train
906fd8.jpg,mobile,48,Train
15723a.jpg,mobile,48,Train
01e2cd.jpg,mobile,48,Train
8afe09.jpg,mobile,48,Train
233a4c.jpg,mobile,48,Train
4458ae.jpg,mobile,48,Train
dd9efb.jpg,mobile,48,Train
d73e0e.jpg,poster,48,Train
8b4008.png,poster,48,Train
3930bc.png,poster,48,Train
91b2d6.jpg,poster,48,Train
f4641f.jpg,poster,48,Train
d073b7.png,poster,48,Train
949f72.jpg,poster,48,Train
224be3.png,poster,48,Train
83ba29.png,web,48,Train
25acbb.png,web,48,Train
479d3c.png,web,48,Train
660b15.png,web,48,Train
314e90.png,web,48,Train
a8a8fd.png,web,48,Train
2154a3.png,web,48,Train
33eb5e.png,desktop,49,Train
61a9f0.png,desktop,49,Train
a03205.png,desktop,49,Train
11f8c6.png,desktop,49,Train
5dbe49.png,desktop,49,Train
2fdaaf.jpg,mobile,49,Train
2ad467.jpg,mobile,49,Train
b65aeb.jpg,mobile,49,Train
cb23a7.jpg,mobile,49,Train
8c765a.jpg,mobile,49,Train
5fcb22.png,poster,49,Train
193df9.png,poster,49,Train
00398c.jpg,poster,49,Train
955a79.jpg,poster,49,Train
ecf627.png,poster,49,Train
ca49ac.png,poster,49,Train
719127.png,poster,49,Train
0c11b6.png,web,49,Train
3eb8f9.png,web,49,Train
26781f.png,web,49,Train
0f8ece.png,web,49,Train
f50e6b.png,web,49,Train
74afe3.png,web,49,Train
5f1d69.png,web,49,Train
54bc51.png,web,49,Train
901003.png,desktop,50,Train
c3709c.png,desktop,50,Train
8ed8ac.png,desktop,50,Train
57f74a.png,desktop,50,Train
7f9e3a.png,desktop,50,Train
15ac57.png,desktop,50,Train
0a0c95.jpg,mobile,50,Train
af9990.jpg,mobile,50,Train
efb9d2.jpg,mobile,50,Train
aefca8.jpg,mobile,50,Train
3d29ac.jpg,mobile,50,Train
0ba80a.jpg,poster,50,Train
673d4f.png,poster,50,Train
f1e0ee.png,poster,50,Train
0950e7.png,web,50,Train
8f64ff.png,web,50,Train
25426d.png,web,50,Train
457230.png,web,50,Train
e9b913.png,web,50,Train
f961b1.png,web,50,Train
72e45e.png,web,50,Train
c92f85.png,desktop,52,Train
d3a241.png,desktop,52,Train
244817.png,desktop,52,Train
1b984b.png,desktop,52,Train
b2c74f.png,desktop,52,Train
244dfc.png,desktop,52,Train
b2165e.png,desktop,52,Train
9620b2.jpg,mobile,52,Train
151d2e.jpg,mobile,52,Train
fb3c20.jpg,mobile,52,Train
3c465a.jpg,mobile,52,Train
614eae.jpg,mobile,52,Train
76e1d9.jpg,mobile,52,Train
091ab0.jpg,mobile,52,Train
bca872.jpg,mobile,52,Train
bd8797.png,poster,52,Train
b9d4f6.jpg,poster,52,Train
1b4c8d.png,poster,52,Train
9e069d.png,poster,52,Train
a128c8.png,poster,52,Train
964f81.png,poster,52,Train
d1e801.png,web,52,Train
1a27f3.png,web,52,Train
2aff6a.png,web,52,Train
1e79f1.png,web,52,Train
195990.png,web,52,Train
b3e3d8.png,web,52,Train
824f2b.png,desktop,53,Test
9b3896.png,desktop,53,Test
27e29a.jpg,desktop,53,Test
1a03d5.png,desktop,53,Test
0f1984.png,desktop,53,Test
b44e33.jpg,mobile,53,Test
40e990.jpg,mobile,"5,30E+01",Test
fb2cd4.jpg,mobile,53,Test
991446.jpg,mobile,53,Test
0feea2.jpg,mobile,53,Test
0e136e.png,poster,53,Test
825f33.png,poster,53,Test
13ae19.jpg,poster,53,Test
83a338.jpg,poster,53,Test
8f9844.png,web,53,Test
92b95d.png,web,53,Test
6047d3.png,web,53,Test
c05976.png,web,53,Test
5887a5.png,web,53,Test
a8f275.png,web,53,Test
fe14d6.png,web,53,Test
c228a1.png,web,53,Test
b86b7d.png,desktop,54,Test
a7a9da.png,desktop,54,Test
628715.png,desktop,54,Test
3076c2.png,desktop,54,Test
9bbfdf.png,desktop,54,Test
815859.png,desktop,54,Test
1c381f.png,desktop,54,Test
31bba3.jpg,mobile,54,Test
1a2fc7.jpg,mobile,54,Test
3e8fe3.jpg,mobile,54,Test
66b3ff.jpg,mobile,54,Test
b92f85.jpg,mobile,54,Test
f285d7.jpg,mobile,54,Test
5ea384.png,poster,54,Test
a87d4f.png,poster,54,Test
4f7447.png,poster,54,Test
4f4f19.png,poster,54,Test
2ffa4a.png,poster,54,Test
168b3b.png,poster,54,Test
a6b429.png,poster,54,Test
393327.png,web,54,Test
0af35a.png,web,54,Test
b4a27a.png,web,54,Test
fe6876.png,web,54,Test
9f5081.png,web,54,Test
6d8af6.png,web,54,Test
b02217.png,web,54,Test
a09cbe.png,desktop,55,Test
8b2ea2.png,desktop,55,Test
8d2ab9.png,desktop,55,Test
7fc716.jpeg,desktop,55,Test
815511.png,desktop,55,Test
2a8f6b.jpg,desktop,55,Test
bc43bb.jpg,mobile,55,Test
6c8b71.jpg,mobile,55,Test
d1ef30.jpg,mobile,55,Test
5620ab.jpg,mobile,55,Test
0dc366.jpg,mobile,55,Test
449b4f.jpg,mobile,55,Test
d7cfda.png,poster,55,Test
e7a5c0.png,poster,55,Test
c84353.png,poster,55,Test
c79430.png,poster,55,Test
cb0c6c.jpg,poster,55,Test
5db7bc.jpg,poster,55,Test
a91f25.png,web,55,Test
2304c8.png,web,55,Test
631068.png,web,55,Test
18db69.png,web,55,Test
853a11.png,web,55,Test
9aabba.png,web,55,Test
cac69c.png,web,55,Test
